{"euler": [
        [
            -1.9614028226597258,
            2.066353592203531,
            -2.354698828551145
        ],
        [
            -0.7010661915165238,
            0.951968804736611,
            -0.5323630719195723
        ],
        [
            -0.5478418375808229,
            1.0254319311319455,
            -0.659019931893398
        ],
        [
            -1.7592611480376954,
            1.4356182525887802,
            1.4263730666265497
        ],
        [
            2.2248255091525118,
            2.0367078476002933,
            -0.0952064464764909
        ],
        [
            -2.691057506239679,
            1.0239790551233872,
            1.5397405288898725
        ],
        [
            -1.7849780730052998,
            2.014736164968309,
            -2.2166113965783167
        ],
        [
            -0.6320690705108885,
            1.9911969676716827,
            1.3775299647773536
        ],
        [
            -0.5963471915165234,
            0.951968804736611,
            -0.5323630719195723
        ],
        [
            -1.3921624444766547,
            2.5693817624203343,
            2.4788931371126983
        ],
        [
            -2.0609441947237714,
            2.0904279831715327,
            -2.521202783602307
        ],
        [
            -2.3820675930301634,
            2.6362129896107684,
            1.6005289935816738
        ],
        [
            0.4230918222112753,
            1.2507891895315024,
            0.6510604028021484
        ],
        [
            -0.08502931239458736,
            1.9408218189151827,
            -1.8456698565565581
        ],
        [
            -0.6417092848260576,
            0.9110556384566679,
            1.1372847818390228
        ],
        [
            -1.103036301409751,
            2.0080249695355583,
            1.8629785677620336
        ]
    ],
   "translation": [
        [
            7.199999999999999,
            16.8,
            28.799999999999997
        ],
        [
            21.599999999999998,
            -7.199999999999999,
            -20.4
        ],
        [
            21.599999999999998,
            -4.8,
            -21.599999999999998
        ],
        [
            2.4,
            22.8,
            36.0
        ],
        [
            -37.199999999999996,
            9.6,
            13.2
        ],
        [
            9.6,
            12.0,
            38.4
        ],
        [
            7.199999999999999,
            18.0,
            27.599999999999998
        ],
        [
            1.2,
            8.4,
            38.4
        ],
        [
            22.8,
            -6.0,
            -20.4
        ],
        [
            0.0,
            18.0,
            33.6
        ],
        [
            33.6,
            -2.4,
            -7.199999999999999
        ],
        [
            -6.0,
            3.5999999999999996,
            36.0
        ],
        [
            34.8,
            -6.0,
            3.5999999999999996
        ],
        [
            3.5999999999999996,
            10.799999999999999,
            25.2
        ],
        [
            1.2,
            2.4,
            40.8
        ],
        [
            26.4,
            -3.5999999999999996,
            3.5999999999999996
        ]
    ],
   "recOffset": [
        -27.553,
        -8.229,
        -80.604
    ],
   "ligOffset": [
        -67.006,
        0.11,
        -77.27
    ]
}